quantile,group1,group2,emp_diff,theo_diff,diff_in_diff
0.1,0.15743704944634,0.0507164103982031,0.106720639048137,0.105360515657826,0.00136012339031068
0.2,0.338956841902975,0.110972219059659,0.227984622843316,0.22314355131421,0.00484107152910601
0.3,0.532121890557231,0.176171799333726,0.355950091223505,0.356674943938732,0.000724852715227653
0.4,0.765419764810781,0.253818875968687,0.511600888842093,0.510825623765991,0.000775265076102372
0.5,1.03630431265495,0.345055512776455,0.691248799878498,0.693147180559945,0.00189838068144721
0.6,1.38117055342565,0.459337979703327,0.921832573722321,0.916290731874155,0.00554184184816608
0.7,1.83352482417837,0.602385686159539,1.23113913801883,1.20397280432594,0.0271663336928927
0.8,2.41992098783588,0.807223555166346,1.61269743266954,1.6094379124341,0.00325952023543841
0.9,3.44488223144516,1.1545553676417,2.29032686380346,2.30258509299405,0.0122582291905831
