quantile,group1,group2,emp_diff,theo_diff,diff_in_diff
0.1,-0.146364768145837,0.250790983209925,-0.397155751355761,-0.400520630147229,0.00336487879146785
0.2,-0.0654909775536834,0.330677683302046,-0.39616866085573,-0.39541703386497,0.000751626990760257
0.3,-0.0350131439824796,0.392795953594979,-0.427809097577458,-0.426145476931226,0.0016636206462321
0.4,-0.014073794171148,0.450490398081346,-0.464564192252494,-0.462500082298118,0.002064109954376
0.5,0.00137622415549286,0.502379439803277,-0.501003215647784,-0.5,0.00100321564778427
0.6,0.0174825787491356,0.555459575036121,-0.537976996286986,-0.537499917701882,0.000477078585104151
0.7,0.0368781300722879,0.613357961511303,-0.576479831439015,-0.573854523068774,0.002625308370241
0.8,0.0691496898623878,0.675792538924117,-0.606642849061729,-0.60458296613503,0.00205988292669923
0.9,0.150572490541534,0.752446977053484,-0.601874486511949,-0.599479369852771,0.00239511665917824
